date,latex,cup_lump,rubber_sheet,ribbed_smoked_sheet
2017-09-19,,,52.56,55.04
2017-09-20,,,51.51,53.28
2017-09-21,,,51.51,53.14
2017-09-22,,,51.78,53.3
2017-09-25,,,50.58,53.22
2017-09-26,,,50.33,53.49
2017-09-27,,,51.07,54.06
2017-09-28,,,51.55,54.83
2017-09-29,,,50.05,53.81
2017-10-02,,,49.1,52.81
2017-10-03,,,47.89,51.75
2017-10-04,,,48.41,52.84
2017-10-05,,,48.91,53.28
2017-10-06,,,49.91,53.85
2017-10-09,,,50.33,53.35
2017-10-10,,,49.8,52.45
2017-10-11,,,49.14,51.96
2017-10-12,,,48.35,51.2
2017-10-16,,,47.33,50.2
2017-10-17,,,46.77,50.34
2017-10-18,,,45.68,50.93
2017-10-19,,,45.86,51.41
2017-10-20,,,46.39,53.41
2017-10-24,,,45.41,54.0
2017-10-25,,,45.35,52.0
2017-10-27,,,46.05,51.0
2017-10-30,,,45.83,51.5
2017-10-31,,,45.16,49.5
2017-11-01,,,44.51,46.7
2017-11-02,,,44.96,45.89
2017-11-03,,,45.12,46.16
2017-11-06,,,44.28,46.09
2017-11-07,,,44.55,46.55
2017-11-08,,,44.77,46.95
2017-11-09,,,44.69,46.75
2017-11-10,,,44.14,47.0
2017-11-13,,,43.84,47.1
2017-11-14,,,44.0,47.03
2017-11-15,,,44.59,46.96
2017-11-16,,,43.35,46.22
2017-11-17,,,42.72,46.85
2017-11-20,,,42.54,47.0
2017-11-21,,,41.77,46.04
2017-11-22,,,41.67,44.84
2017-11-23,,,41.99,44.46
2017-11-24,,,42.29,44.83
2017-11-27,,,42.88,44.91
2017-11-28,,,43.29,45.14
2017-11-29,,,42.9,44.78
2017-11-30,,,42.91,45.4
2017-12-01,,,42.8,45.32
2017-12-04,,,42.57,45.77
2017-12-06,,,43.61,47.09
2017-12-07,,,43.81,47.33
2017-12-08,,,43.7,47.51
2017-12-12,,,43.53,47.03
2017-12-13,,,43.37,46.0
2017-12-14,,,42.91,45.49
2017-12-15,,,43.3,45.6
2017-12-18,,,43.55,45.95
2017-12-19,,,43.33,46.39
2017-12-20,,,43.63,46.49
2017-12-21,,,43.6,46.64
2017-12-22,,,43.67,46.61
2017-12-25,,,43.24,46.1
2017-12-26,,,44.34,46.04
2017-12-27,,,44.61,47.29
2017-12-28,,,45.07,47.35
2017-12-29,,,44.95,46.44
2018-01-03,,,44.56,48.0
2018-01-04,,,44.55,46.81
2018-01-05,,,44.45,46.51
2018-01-08,,,44.58,46.12
2018-01-09,,,44.49,45.93
2018-01-10,,,44.33,46.11
2018-01-11,,,44.59,46.27
2018-01-12,,,44.72,46.3
2018-01-15,,,44.82,47.14
2018-01-16,,,45.63,48.09
2018-01-17,,,46.43,48.66
2018-01-18,,,46.37,49.0
2018-01-19,,,46.05,49.52
2018-01-22,,,45.24,50.05
2018-01-23,,,45.39,49.25
2018-01-24,,,45.04,48.07
2018-01-25,,,44.66,48.01
2018-01-26,,,44.64,48.22
2018-01-29,,,45.03,47.88
2018-01-30,,,44.74,47.28
2018-01-31,,,44.44,47.61
2018-02-01,,,43.73,46.99
2018-02-02,,,43.99,47.09
2018-02-05,,,44.56,47.19
2018-02-06,,,45.06,47.29
2018-02-07,,,45.0,47.29
2018-02-08,,,45.03,47.44
2018-02-09,,,45.0,47.29
2018-02-12,,,45.0,47.29
2018-02-13,,,45.0,47.33
2018-02-14,,,45.0,47.3
2018-02-15,,,45.0,47.29
2018-02-16,,,45.0,46.86
2018-02-19,,,44.01,46.57
2018-02-20,,,44.09,46.1
2018-02-21,,,44.18,46.5
2018-02-22,,,44.51,46.84
2018-02-23,,,44.6,46.88
2018-02-26,,,44.97,47.5
2018-02-27,,,45.97,48.76
2018-02-28,,,46.19,48.84
2018-03-02,,,46.57,49.0
2018-03-05,,,46.61,48.32
2018-03-06,,,46.72,49.0
2018-03-07,,,46.71,48.57
2018-03-08,,,46.22,48.77
2018-03-09,,,46.27,48.64
2018-03-12,,,45.67,48.58
2018-03-13,,,45.89,48.35
2018-03-14,,,46.0,48.55
2018-03-15,,,46.15,48.88
2018-03-16,,,46.35,49.08
2018-03-19,,,46.29,49.01
2018-03-20,,,45.44,48.56
2018-03-21,,,45.62,48.7
2018-03-22,,,45.48,48.41
2018-03-23,,,45.56,49.0
2018-03-26,,,44.8,48.5
2018-03-27,,,44.51,48.5
2018-03-28,,,44.88,48.0
2018-03-29,,,44.89,48.0
2018-03-30,,,45.43,48.43
2018-04-02,,,45.9,48.66
2018-04-03,,,46.22,48.88
2018-04-04,,,45.31,48.5
2018-04-05,,,45.56,48.5
2018-04-09,,,45.64,48.21
2018-04-10,,,45.83,48.51
2018-04-11,,,46.05,48.61
2018-04-18,,,46.77,48.62
2018-04-19,,,46.86,48.9
2018-04-20,,,47.02,49.27
2018-04-23,,,47.55,49.59
2018-04-24,,,46.89,49.75
2018-04-25,,,47.9,49.88
2018-04-26,,,48.09,50.06
2018-04-27,,,48.09,50.13
2018-04-30,,,48.09,50.47
2018-05-02,,,46.4,50.79
2018-05-03,,,48.75,50.79
2018-05-04,,,48.4,50.89
2018-05-07,,,48.88,51.17
2018-05-08,,,48.29,51.44
2018-05-09,,,48.6,51.42
2018-05-10,,,48.96,51.61
2018-05-11,,,49.09,52.0
2018-05-15,,,48.81,52.33
2018-05-16,,,48.81,52.28
2018-05-17,,,48.88,52.11
2018-05-18,,,49.09,52.24
2018-05-21,,,49.09,52.5
2018-05-22,,,49.09,52.69
2018-05-23,,,49.01,53.01
2018-05-24,,,48.86,52.59
2018-05-25,,,48.8,52.49
2018-05-28,,,48.65,52.57
2018-05-30,,,48.49,52.46
2018-05-31,,,48.05,51.89
2018-06-01,,,47.68,51.31
2018-06-04,,,47.94,51.06
2018-06-05,,,48.14,50.95
2018-06-06,,,47.65,49.79
2018-06-07,,,47.97,49.24
2018-06-08,,,47.59,49.62
2018-06-11,,,46.89,48.95
2018-06-12,,,46.3,49.52
2018-06-13,,,46.59,48.57
2018-06-14,,,45.93,48.38
2018-06-15,,,45.4,47.18
2018-06-18,,,45.45,46.79
2018-06-19,,,44.56,46.43
2018-06-20,,,44.2,45.85
2018-06-21,,,44.05,46.2
2018-06-22,,,43.69,46.34
2018-06-25,,,43.89,46.36
2018-06-26,,,44.0,46.46
2018-06-27,,,44.4,46.27
2018-06-28,,,44.29,46.24
2018-06-29,,,44.52,46.44
2018-07-02,,36.0,44.7,46.55
2018-07-03,,35.5,44.18,45.22
2018-07-04,,36.0,43.89,44.91
2018-07-05,,35.0,43.1,44.89
2018-07-06,,35.0,43.3,44.76
2018-07-09,,35.5,43.14,45.0
2018-07-10,,35.5,43.87,45.3
2018-07-11,,35.0,43.77,45.63
2018-07-12,,36.0,43.58,45.53
2018-07-13,,36.0,43.65,45.65
2018-07-16,,36.0,43.81,45.69
2018-07-17,,36.5,43.74,45.79
2018-07-18,,36.5,44.19,45.99
2018-07-19,,36.5,44.42,46.14
2018-07-20,,36.0,44.0,46.03
2018-07-23,,36.0,43.69,46.01
2018-07-24,,36.0,43.32,45.19
2018-07-25,,36.0,43.14,44.51
2018-07-26,,36.0,43.34,44.69
2018-07-31,,36.0,43.76,44.58
2018-08-01,,36.5,43.56,44.55
2018-08-02,,35.5,43.21,44.33
2018-08-03,,36.0,43.02,43.86
2018-08-06,,36.5,42.8,43.81
2018-08-07,,37.0,43.03,43.92
2018-08-08,,37.5,43.16,44.39
2018-08-09,,37.0,43.44,44.68
2018-08-10,,37.0,43.58,44.59
2018-08-14,,37.0,42.92,44.6
2018-08-15,,37.0,43.09,44.69
2018-08-16,,36.0,42.99,44.69
2018-08-17,,36.5,42.99,44.69
2018-08-20,,36.5,42.56,44.69
2018-08-21,,37.0,43.06,44.92
2018-08-22,,38.0,43.07,44.97
2018-08-23,,38.0,43.6,45.67
2018-08-24,,38.0,43.37,45.49
2018-08-27,,37.0,43.33,45.36
2018-08-28,,37.0,43.34,45.45
2018-08-29,,37.0,43.4,44.97
2018-08-30,,37.0,43.14,44.45
2018-08-31,,37.0,43.35,44.38
2018-09-03,,37.0,43.18,43.74
2018-09-04,,36.0,42.55,43.28
2018-09-05,,36.5,42.15,43.08
2018-09-06,,36.5,42.35,43.33
2018-09-07,,36.0,41.92,43.06
2018-09-10,,36.0,41.65,42.54
2018-09-11,,36.0,41.61,42.1
2018-09-12,,36.5,41.57,42.27
2018-09-13,,36.5,41.46,42.5
2018-09-14,,36.0,41.71,42.63
2018-09-17,,36.0,41.66,42.45
2018-09-18,,36.0,41.19,42.12
2018-09-19,,36.0,40.59,42.07
2018-09-20,,36.5,40.59,42.02
2018-09-21,,36.5,41.08,42.34
2018-09-24,,36.5,40.4,42.36
2018-09-25,,36.5,40.57,42.37
2018-09-26,,36.5,40.42,42.27
2018-09-27,,36.0,40.63,42.37
2018-09-28,,36.0,40.31,42.0
2018-10-01,,35.8,40.11,42.16
2018-10-02,,36.3,40.69,42.15
2018-10-03,,36.0,40.63,42.47
2018-10-04,,36.0,40.41,42.39
2018-10-05,,36.5,40.47,42.46
2018-10-08,,37.0,40.6,42.48
2018-10-09,,36.0,40.67,42.59
2018-10-10,,36.0,40.3,42.73
2018-10-11,,36.5,40.68,42.88
2018-10-12,,36.5,40.48,42.71
2018-10-16,,35.5,40.64,42.8
2018-10-17,,36.5,40.71,42.91
2018-10-18,,35.0,40.63,42.92
2018-10-19,,35.0,40.4,42.83
2018-10-22,,35.5,40.43,42.72
2018-10-24,,34.5,40.52,42.69
2018-10-25,,34.0,40.55,42.5
2018-10-26,,34.0,40.55,42.34
2018-10-29,,33.5,40.55,42.04
2018-10-30,,33.5,40.56,41.18
2018-10-31,,33.5,40.56,41.14
2018-11-01,,33.5,40.35,40.85
2018-11-02,,33.25,40.0,41.25
2018-11-05,,33.25,39.91,40.61
2018-11-06,,33.15,39.23,40.48
2018-11-07,,33.15,38.99,40.24
2018-11-08,,33.1,38.97,40.2
2018-11-09,,33.0,38.72,40.36
2018-11-12,,32.7,38.86,40.0
2018-11-13,,32.5,38.49,39.89
2018-11-14,,32.3,38.0,39.57
2018-11-15,,32.2,37.89,39.96
2018-11-16,,32.0,37.81,40.14
2018-11-19,,32.0,38.16,40.37
2018-11-20,,31.8,38.02,40.16
2018-11-21,,31.8,37.76,39.74
2018-11-22,,31.8,37.56,40.49
2018-11-23,,31.8,37.79,39.97
2018-11-26,,31.8,37.79,39.74
2018-11-27,,31.8,37.61,39.67
2018-11-28,,31.8,37.76,39.61
2018-11-29,,31.8,37.72,39.19
2018-11-30,,31.8,37.82,39.63
2018-12-03,,32.0,37.7,39.79
2018-12-04,,32.0,37.99,40.13
2018-12-06,,32.2,37.96,40.3
2018-12-07,,32.2,38.07,40.27
2018-12-11,,32.5,38.18,40.54
2018-12-12,,32.8,38.37,40.75
2018-12-13,,33.0,38.63,40.9
2018-12-14,,33.1,39.17,41.54
2018-12-17,,34.0,39.29,42.21
2018-12-18,,34.2,39.97,43.19
2018-12-19,,34.2,40.41,43.35
2018-12-20,,34.2,40.77,43.17
2018-12-21,,34.3,41.1,43.73
2018-12-24,,34.3,40.92,43.82
2018-12-25,,34.0,41.27,43.76
2018-12-26,,34.0,41.34,43.34
2018-12-27,,34.0,40.67,42.64
2018-12-28,,34.0,41.28,43.72
2019-01-02,,34.0,41.39,43.86
2019-01-03,,34.5,40.49,43.71
2019-01-04,,35.0,41.22,44.03
2019-01-07,,35.0,42.74,45.27
2019-01-08,,35.0,42.57,45.56
2019-01-09,,35.5,42.88,45.21
2019-01-10,,35.0,43.6,45.56
2019-01-11,,35.0,43.74,45.48
2019-01-14,,35.0,44.02,45.51
2019-01-15,,35.0,43.62,45.52
2019-01-16,,35.0,43.09,45.58
2019-01-17,,35.0,43.31,45.89
2019-01-18,,35.0,43.71,46.13
2019-01-21,,36.0,43.91,46.59
2019-01-22,,35.5,44.54,47.65
2019-01-23,,35.5,44.49,47.87
2019-01-24,,35.0,44.55,47.54
2019-01-25,,35.0,43.66,46.84
2019-01-28,,35.0,44.12,47.05
2019-01-29,,34.5,44.13,47.15
2019-01-30,,34.5,43.72,45.27
2019-01-31,,34.5,43.46,45.41
2019-02-01,,34.2,43.22,44.72
2019-02-04,,34.0,43.19,44.95
2019-02-05,,34.0,43.43,45.21
2019-02-06,,35.0,43.43,45.52
2019-02-07,,34.5,43.45,45.51
2019-02-08,,35.0,43.29,45.26
2019-02-11,,35.0,42.89,45.21
2019-02-12,,35.0,43.13,45.12
2019-02-13,,35.2,43.24,45.31
2019-02-14,,36.0,43.44,45.21
2019-02-15,,35.5,43.58,45.78
2019-02-18,,36.0,43.36,45.63
2019-02-20,,36.5,43.79,45.91
2019-02-21,,37.0,44.44,46.5
2019-02-22,,37.0,44.72,47.16
2019-02-25,,37.5,44.99,46.89
2019-02-26,,37.5,45.3,48.09
2019-02-27,,38.0,45.6,47.74
2019-02-28,,38.0,45.73,48.01
2019-03-01,,38.5,45.62,49.0
2019-03-04,,39.0,46.26,49.27
2019-03-05,,39.0,47.63,50.3
2019-03-06,,39.0,48.18,50.7
2019-03-07,,39.0,47.81,51.0
2019-03-08,,39.5,47.62,50.47
2019-03-11,,39.5,47.6,51.2
2019-03-12,,40.0,47.82,51.5
2019-03-13,,40.5,48.11,52.0
2019-03-14,,40.5,48.2,52.15
2019-03-15,,40.5,48.61,52.5
2019-03-18,,40.5,48.31,53.0
2019-03-19,,40.5,48.89,53.1
2019-03-20,,40.0,49.17,53.25
2019-03-21,,40.0,49.37,53.75
2019-03-22,,40.0,49.53,54.0
2019-03-25,,39.5,49.78,54.05
2019-03-26,,39.0,49.52,54.1
2019-03-27,,39.0,49.55,54.1
2019-03-28,,39.0,49.9,54.1
2019-03-29,,39.0,49.71,54.15
2019-04-01,,39.5,49.87,54.2
2019-04-02,,40.0,50.07,54.25
2019-04-03,,40.5,50.15,54.3
2019-04-04,,41.0,50.77,54.3
2019-04-05,,41.0,50.86,54.35
2019-04-09,,41.0,50.9,54.4
2019-04-10,,41.0,51.65,54.4
2019-04-11,,41.5,51.61,54.45
2019-04-18,,41.5,51.35,54.45
2019-04-19,,41.5,51.05,53.5
2019-04-22,,42.5,50.36,53.5
2019-04-23,,42.5,50.98,53.5
2019-04-24,,42.5,50.9,53.6
2019-04-25,,42.5,50.38,53.65
2019-04-26,,42.5,50.8,53.65
2019-04-29,,42.5,50.7,53.7
2019-04-30,,42.5,50.81,53.75
2019-05-02,,42.5,50.55,53.75
2019-05-03,,42.5,50.81,53.8
2019-05-07,,42.5,50.81,53.8
2019-05-08,,42.0,50.91,53.8
2019-05-10,,42.0,51.15,53.4
2019-05-13,,42.5,50.9,53.3
2019-05-14,,42.5,50.77,53.4
2019-05-15,,42.5,50.42,53.4
2019-05-16,,42.5,50.42,53.25
2019-05-17,,43.0,50.6,53.25
2019-05-21,,43.0,50.6,53.41
2019-05-22,,43.0,51.29,53.51
2019-05-23,,43.0,51.32,53.59
2019-05-24,,43.0,51.69,53.59
2019-05-27,,43.0,51.33,53.65
2019-05-28,,43.0,51.83,53.99
2019-05-29,,43.0,52.08,54.45
2019-05-30,,43.0,52.57,54.89
2019-05-31,,43.0,52.79,55.31
2019-06-04,,43.0,53.67,55.71
2019-06-05,,43.0,53.69,55.89
2019-06-06,,43.0,53.95,56.16
2019-06-07,,43.1,54.39,56.81
2019-06-10,,43.1,55.22,57.62
2019-06-11,,43.1,55.51,58.49
2019-06-12,,43.1,55.42,59.0
2019-06-13,,43.1,55.54,59.52
2019-06-14,,43.1,55.99,59.75
2019-06-17,,43.2,56.36,60.05
2019-06-18,,43.2,56.5,59.43
2019-06-19,,43.1,56.66,59.18
2019-06-20,,43.1,56.74,59.08
2019-06-21,,43.0,56.81,59.02
2019-06-24,,43.0,56.84,58.81
2019-06-25,,42.8,56.8,58.85
2019-06-26,,42.9,56.48,58.46
2019-06-27,,42.9,56.67,58.16
2019-06-28,,42.8,56.75,58.0
2019-07-01,,42.8,56.3,57.74
2019-07-02,51.0,42.6,55.8,56.81
2019-07-03,50.5,42.1,54.84,55.96
2019-07-04,49.5,41.8,53.65,54.46
2019-07-05,48.5,41.3,52.0,53.14
2019-07-08,47.5,41.3,51.0,52.08
2019-07-09,47.0,41.0,51.0,52.08
2019-07-10,47.0,40.0,48.7,49.5
2019-07-11,46.0,39.3,48.7,49.5
2019-07-12,45.5,39.0,48.7,49.5
2019-07-15,45.0,39.1,47.97,49.49
2019-07-18,50.1,39.2,47.97,49.49
2019-07-19,45.1,38.5,47.43,48.37
2019-07-22,45.5,38.5,47.62,48.94
2019-07-23,45.5,38.6,47.48,48.89
2019-07-24,45.5,38.65,47.69,49.11
2019-07-25,45.5,38.2,47.47,49.2
2019-07-26,45.6,38.1,47.58,48.78
2019-07-30,42.5,37.6,45.78,47.4
2019-07-31,42.0,36.8,43.5,45.0
2019-08-01,41.0,36.0,43.05,45.0
2019-08-02,40.0,35.0,42.46,44.5
2019-08-05,38.5,34.0,40.0,41.5
2019-08-06,38.0,33.5,40.0,41.2
2019-08-07,38.0,33.0,39.61,41.0
2019-08-08,38.0,32.5,39.81,41.0
2019-08-09,38.5,33.0,40.23,41.5
2019-08-13,,33.0,40.53,42.0
2019-08-14,39.0,33.0,40.47,42.0
2019-08-15,39.2,33.0,40.33,41.74
2019-08-16,39.2,33.0,40.31,41.45
2019-08-19,39.3,33.1,39.43,41.51
2019-08-20,39.4,33.3,40.19,42.3
2019-08-21,39.4,33.3,40.34,42.56
2019-08-22,39.4,33.1,39.92,42.3
2019-08-23,39.4,33.1,40.05,42.47
2019-08-26,39.4,33.1,40.27,42.06
2019-08-27,39.4,33.0,40.19,41.0
2019-08-28,39.5,33.0,39.86,41.47
2019-08-29,39.5,33.0,39.98,42.02
2019-08-30,39.5,33.0,39.95,42.29
2019-09-02,39.5,33.0,39.86,41.47
2019-09-03,39.6,33.1,40.29,42.37
2019-09-04,39.7,33.3,40.64,42.45
2019-09-05,39.9,33.4,40.84,42.91
2019-09-06,39.9,33.5,41.11,43.08
2019-09-09,39.9,33.5,41.38,43.11
2019-09-10,39.9,33.5,41.07,42.88
2019-09-11,39.9,33.6,40.8,41.84
2019-09-12,39.9,33.6,40.08,41.74
2019-09-13,39.9,33.6,40.07,41.71
2019-09-16,39.9,33.7,40.24,41.49
2019-09-17,40.0,33.7,40.11,42.16
2019-09-18,40.0,33.8,40.73,42.42
2019-09-19,40.0,33.8,40.39,41.83
2019-09-20,40.0,33.8,40.1,41.3
2019-09-23,39.8,33.7,40.05,40.68
2019-09-24,39.8,33.7,40.42,41.12
2019-09-25,39.7,33.7,40.42,41.32
2019-09-26,39.5,33.6,39.83,40.94
2019-09-27,39.3,33.6,39.81,40.74
2019-09-30,37.8,33.5,39.29,39.58
2019-10-01,37.5,33.4,38.2,39.2
2019-10-02,37.0,33.1,37.49,35.58
2019-10-03,36.5,33.0,36.78,37.88
2019-10-04,36.0,32.8,36.5,37.75
2019-10-07,35.5,32.6,36.68,37.77
2019-10-08,35.5,32.6,36.64,37.97
2019-10-09,35.7,32.4,36.75,38.19
2019-10-10,35.8,32.2,37.0,38.55
2019-10-11,36.0,32.2,36.67,38.77
2019-10-15,36.2,32.2,37.27,39.07
2019-10-16,36.2,32.3,37.8,39.78
2019-10-17,36.2,32.3,37.79,39.81
2019-10-18,36.4,32.3,36.66,39.52
2019-10-21,36.7,32.5,37.62,39.07
2019-10-22,36.7,32.4,37.66,39.17
2019-10-24,37.0,32.5,37.8,39.45
2019-10-25,37.2,32.5,38.09,39.45
2019-10-28,37.7,32.5,37.87,39.54
2019-10-29,37.7,32.4,37.84,39.3
2019-10-30,37.7,32.4,37.67,38.94
2019-10-31,37.7,32.5,37.99,39.23
2019-11-01,37.9,32.5,37.59,39.44
2019-11-04,37.9,32.5,37.68,39.23
2019-11-05,38.0,32.5,37.79,39.35
2019-11-06,38.0,32.5,38.34,39.58
2019-11-07,38.0,32.5,38.16,39.61
2019-11-08,38.3,32.5,38.62,39.83
2019-11-11,38.5,32.5,38.3,39.67
2019-11-12,38.5,32.4,38.5,39.76
2019-11-13,38.7,32.5,38.49,39.82
2019-11-14,38.7,32.5,38.57,40.27
2019-11-15,38.7,32.6,38.7,40.26
2019-11-18,38.0,32.6,38.73,40.06
2019-11-19,37.4,32.6,38.74,39.89
2019-11-20,36.5,32.6,38.75,39.99
2019-11-21,36.5,32.6,38.87,40.51
2019-11-22,37.0,32.65,39.5,40.99
2019-11-25,38.0,32.65,39.65,41.29
2019-11-26,38.3,32.65,39.89,41.59
2019-11-27,38.6,32.65,39.89,41.53
2019-11-28,39.0,32.65,39.82,41.58
2019-11-29,39.0,32.65,39.62,41.47
2019-12-02,39.2,32.65,39.64,41.15
2019-12-03,39.3,32.65,39.91,41.32
2019-12-04,39.3,33.0,39.74,41.36
2019-12-06,39.7,33.0,39.77,41.45
2019-12-09,40.0,33.3,40.53,43.39
2019-12-11,40.0,34.0,41.46,43.43
2019-12-12,40.0,34.0,41.31,43.47
2019-12-13,39.5,34.05,41.29,43.21
2019-12-16,39.7,34.15,41.42,43.64
2019-12-17,40.0,34.2,41.31,43.31
2019-12-18,40.2,34.3,41.48,43.45
2019-12-19,40.5,34.3,41.62,43.14
2019-12-20,40.5,34.3,40.96,42.64
2019-12-23,39.5,34.3,40.83,42.56
2019-12-24,38.8,34.3,41.24,42.09
2019-12-25,38.5,34.3,40.92,41.79
2019-12-26,37.2,34.2,40.71,41.75
2019-12-27,35.7,34.3,40.6,41.7
2020-01-02,32.5,34.3,40.54,41.15
2020-01-03,34.5,34.4,39.76,41.06
2020-01-06,39.0,34.3,39.46,40.91
2020-01-07,39.3,34.3,39.77,41.88
2020-01-08,39.6,34.4,39.86,42.29
2020-01-09,40.0,34.4,40.33,42.69
2020-01-10,40.6,34.3,40.71,42.9
2020-01-13,41.5,34.3,40.93,42.83
2020-01-14,41.7,34.2,41.33,43.66
2020-01-15,42.2,34.4,41.84,44.88
2020-01-16,42.7,34.4,42.14,44.74
2020-01-17,43.0,34.5,42.13,44.59
2020-01-20,42.0,34.37,42.37,45.01
2020-01-21,41.0,34.3,42.42,44.22
2020-01-22,41.0,34.3,41.93,43.45
2020-01-23,41.0,34.3,41.72,42.58
2020-01-24,41.2,34.3,41.67,42.79
2020-01-27,,34.0,40.0,42.54
2020-01-28,41.0,34.0,39.88,41.77
2020-01-29,40.5,33.9,40.45,41.97
2020-01-30,40.0,33.9,40.87,42.24
2020-01-31,39.5,33.9,40.97,42.22
2020-02-03,39.8,33.3,41.33,42.2
2020-02-04,39.5,33.2,39.82,40.85
2020-02-05,39.4,33.3,39.84,40.86
2020-02-06,39.5,33.4,40.09,41.01
2020-02-07,39.5,33.4,40.52,41.53
2020-02-11,39.7,33.6,40.67,41.7
2020-02-12,40.0,33.8,40.74,42.22
2020-02-13,40.6,33.9,40.71,42.61
2020-02-14,41.2,33.9,40.85,43.13
2020-02-17,41.5,34.1,41.25,43.48
2020-02-18,41.8,34.2,41.45,44.17
2020-02-19,42.2,34.2,41.87,44.77
2020-02-20,42.8,34.2,42.13,45.29
2020-02-21,43.8,34.3,42.6,45.65
2020-02-24,44.3,34.5,43.65,46.23
2020-02-25,44.5,33.2,43.91,46.3
2020-02-26,44.5,33.2,43.06,45.44
2020-02-27,44.7,34.0,42.69,45.19
2020-02-28,44.7,34.1,42.57,45.54
2020-03-02,44.4,34.0,42.26,45.54
2020-03-03,43.5,34.1,42.52,44.56
2020-03-04,42.8,43.1,42.56,44.71
2020-03-05,42.0,34.0,42.41,45.13
2020-03-06,41.7,33.6,42.59,45.44
2020-03-09,40.8,33.2,42.69,44.91
2020-03-10,39.3,32.7,41.87,44.88
2020-03-11,39.3,32.7,41.97,43.82
2020-03-12,39.5,32.2,42.16,44.04
2020-03-13,39.0,32.0,42.12,43.57
2020-03-16,38.0,32.0,41.44,42.46
2020-03-17,38.0,32.0,41.47,43.19
2020-03-18,38.3,32.0,41.48,43.15
2020-03-19,37.3,31.8,41.5,43.19
2020-03-20,36.5,31.5,40.92,43.2
2020-03-23,36.3,31.0,40.24,41.7
2020-03-24,35.8,31.0,39.26,40.68
2020-03-25,35.3,31.0,39.27,40.16
2020-03-26,35.3,30.5,39.27,40.22
2020-03-27,35.5,30.3,39.39,40.22
2020-03-30,36.0,29.5,38.79,39.62
2020-03-31,36.0,29.5,37.48,38.39
2020-04-01,36.0,29.5,37.58,38.52
2020-04-02,36.0,28.5,37.62,39.01
2020-04-03,36.0,28.5,36.81,38.37
2020-04-07,36.0,28.6,36.55,38.87
2020-04-08,36.1,28.0,36.64,39.37
2020-04-09,36.4,28.0,36.64,39.65
2020-04-10,36.4,27.4,37.66,40.28
2020-04-13,36.7,27.5,37.66,39.85
2020-04-14,37.0,27.2,37.05,40.04
2020-04-15,37.1,27.3,36.99,40.02
2020-04-16,37.4,27.2,36.99,39.85
2020-04-17,37.5,27.5,36.99,39.8
2020-04-20,37.9,27.6,37.21,40.15
2020-04-21,38.2,27.5,37.21,40.17
2020-04-22,38.2,27.5,37.37,40.05
2020-04-23,38.2,27.2,37.37,39.78
2020-04-24,38.2,27.2,37.5,40.07
2020-04-27,38.8,27.5,37.79,40.14
2020-04-28,39.0,27.5,37.79,40.25
2020-04-29,39.2,27.5,37.95,39.99
2020-04-30,39.2,27.3,37.95,39.95
2020-05-05,39.2,27.0,37.32,39.62
2020-05-07,38.6,27.0,37.53,39.26
2020-05-08,38.3,27.3,37.64,39.67
2020-05-12,38.3,27.5,37.76,39.81
2020-05-13,38.5,27.5,37.86,39.84
2020-05-14,38.6,27.8,37.63,39.5
2020-05-15,38.9,27.8,37.52,39.62
2020-05-18,39.1,28.0,37.52,39.69
2020-05-19,39.5,28.0,36.57,39.57
2020-05-20,40.0,28.2,37.12,39.51
2020-05-21,40.3,28.5,37.12,39.7
2020-05-22,40.6,28.5,37.71,39.55
2020-05-25,41.0,28.7,37.16,39.89
2020-05-26,41.2,28.7,37.35,39.73
2020-05-27,41.8,28.7,37.59,40.03
2020-05-28,42.0,29.0,37.25,40.22
2020-05-29,42.3,29.5,37.57,40.5
2020-06-01,42.8,29.8,37.89,40.92
2020-06-02,43.1,30.0,37.89,41.28
2020-06-04,44.0,30.2,38.89,41.52
2020-06-05,44.3,30.5,38.48,41.55
2020-06-08,45.0,31.5,39.48,42.22
2020-06-09,45.5,31.7,40.17,43.06
2020-06-10,46.0,32.0,40.17,43.24
2020-06-11,46.3,32.2,40.07,43.38
2020-06-12,45.8,32.2,40.0,43.25
2020-06-15,44.0,32.0,39.37,43.22
2020-06-16,44.0,32.0,39.04,42.97
2020-06-17,44.0,32.0,39.05,43.08
2020-06-18,44.0,32.0,39.05,43.12
2020-06-19,44.0,32.0,38.88,43.16
2020-06-22,44.1,32.0,39.12,43.18
2020-06-23,44.3,32.5,39.05,43.23
2020-06-24,44.3,32.5,39.28,43.39
2020-06-25,44.3,33.0,39.32,43.35
2020-06-26,44.3,33.0,39.18,43.42
2020-06-29,44.3,33.5,39.42,43.39
2020-06-30,43.8,33.5,39.88,43.27
2020-07-01,43.3,33.5,39.44,43.38
2020-07-02,42.8,33.5,39.61,43.4
2020-07-03,42.8,33.5,39.59,43.35
2020-07-08,41.8,33.5,39.72,43.45
2020-07-09,41.5,33.5,39.75,43.51
2020-07-10,41.3,33.5,39.43,43.57
2020-07-13,41.3,33.5,39.87,43.55
2020-07-14,41.5,33.8,39.88,43.79
2020-07-15,41.7,33.7,39.78,43.68
2020-07-16,41.7,33.5,40.01,43.67
2020-07-17,41.2,33.5,40.09,43.72
2020-07-20,40.9,33.5,40.39,43.69
2020-07-21,40.9,33.5,40.76,43.79
2020-07-22,40.9,33.5,41.1,43.99
2020-07-23,40.9,33.5,41.69,44.19
2020-07-24,41.2,33.5,42.15,44.27
2020-07-29,41.2,33.5,42.19,44.45
2020-07-30,41.4,33.5,42.49,44.64
2020-07-31,41.4,33.5,42.94,45.39
2020-08-03,41.7,33.5,43.32,45.33
2020-08-04,41.7,33.5,43.48,45.79
2020-08-05,42.0,33.7,43.68,46.05
2020-08-06,42.2,33.7,43.75,46.03
2020-08-07,42.4,33.7,44.23,46.25
2020-08-10,42.7,34.0,44.84,47.28
2020-08-11,43.0,34.3,46.05,48.05
2020-08-13,43.0,34.5,46.42,48.34
2020-08-14,43.0,34.7,46.64,48.64
2020-08-17,43.0,35.0,47.19,49.42
2020-08-18,43.0,35.0,47.54,49.69
2020-08-19,43.0,35.2,47.77,49.88
2020-08-20,43.0,35.5,48.18,50.19
2020-08-21,43.0,35.5,48.11,50.12
2020-08-24,42.8,35.7,48.69,50.31
2020-08-25,43.0,36.0,49.05,51.39
2020-08-26,43.0,36.0,49.79,52.45
2020-08-27,43.2,36.5,49.93,53.43
2020-08-28,43.5,37.0,51.96,55.13
2020-08-31,44.0,37.5,52.98,56.44
2020-09-01,45.0,38.0,54.98,58.29
2020-09-02,45.8,38.5,55.83,60.05
2020-09-03,46.0,39.5,57.52,61.95
2020-09-08,46.0,38.5,55.1,58.05
2020-09-09,46.3,38.0,53.23,56.1
2020-09-10,46.3,37.5,53.06,54.32
2020-09-11,46.4,37.0,51.65,54.49
2020-09-14,46.5,36.5,51.73,53.48
2020-09-15,46.8,37.0,52.04,53.88
2020-09-16,47.0,37.5,52.77,54.52
2020-09-17,47.0,37.7,52.99,55.3
2020-09-18,47.0,37.0,53.15,56.45
2020-09-21,47.3,38.0,53.58,57.27
2020-09-22,47.7,38.0,54.29,58.06
2020-09-23,48.2,38.0,54.62,57.76
2020-09-24,48.5,38.0,55.32,56.94
2020-09-25,48.7,38.0,54.66,56.15
2020-09-28,49.2,38.0,55.83,57.33
2020-09-29,49.5,38.2,56.27,58.33
2020-09-30,49.7,38.5,56.28,58.33
2020-10-01,50.0,38.5,55.73,57.65
2020-10-02,50.5,38.5,54.89,56.82
2020-10-05,50.8,38.5,54.36,56.27
2020-10-06,51.0,38.5,54.71,56.34
2020-10-07,51.1,38.5,54.7,56.68
2020-10-08,51.1,38.0,54.81,56.58
2020-10-09,51.2,38.0,54.27,56.78
2020-10-12,51.5,38.5,54.85,57.08
2020-10-14,51.7,39.0,55.4,58.11
2020-10-15,52.0,39.5,56.79,59.3
2020-10-16,54.0,39.5,56.84,59.89
2020-10-19,56.5,40.0,57.6,60.09
2020-10-20,57.5,41.0,57.85,61.56
2020-10-21,59.0,41.5,58.0,62.76
2020-10-22,61.0,42.0,59.71,64.97
2020-10-26,65.5,44.0,60.6,66.22
2020-10-27,68.5,46.0,67.33,72.35
2020-10-28,70.5,47.0,70.18,77.55
2020-10-29,74.0,48.0,75.62,82.76
2020-10-30,74.5,48.0,74.25,80.96
2020-11-02,67.0,46.0,70.25,75.31
2020-11-03,64.3,44.0,68.26,70.32
2020-11-04,58.0,42.0,67.25,68.35
2020-11-05,52.7,40.0,61.36,63.15
2020-11-06,47.3,40.0,60.91,61.48
2020-11-09,46.8,40.5,60.0,62.29
2020-11-10,47.0,40.5,60.56,60.93
2020-11-11,47.5,40.5,60.94,61.51
2020-11-12,48.0,41.0,61.16,62.09
2020-11-13,50.0,41.0,61.87,63.66
2020-11-16,53.5,41.5,62.58,66.59
2020-11-17,53.5,41.5,64.47,66.74
2020-11-18,52.5,41.0,62.37,63.48
2020-11-19,52.5,41.0,60.49,61.94
2020-11-20,53.0,41.0,60.8,62.35
2020-11-23,53.2,40.5,61.72,63.38
2020-11-24,53.2,40.5,61.15,63.86
2020-11-25,53.5,40.5,61.36,64.39
2020-11-26,53.5,41.0,62.89,65.24
2020-11-27,53.5,41.0,62.77,65.75
2020-11-30,55.0,41.0,63.13,66.21
2020-12-01,56.0,41.5,64.92,68.57
2020-12-02,56.5,42.0,65.45,69.1
2020-12-03,56.5,42.5,66.67,71.78
2020-12-04,57.0,43.0,69.41,72.73
2020-12-07,57.0,42.5,67.02,70.34
2020-12-08,56.0,42.5,63.5,66.0
2020-12-09,54.0,42.0,62.89,64.03
2020-12-10,51.0,41.0,58.45,60.06
2020-12-11,49.0,40.5,58.69,60.19
2020-12-14,49.0,40.5,58.69,60.59
2020-12-15,49.0,41.0,59.0,61.15
2020-12-16,49.5,41.5,59.3,61.45
2020-12-17,50.5,42.0,60.18,62.33
2020-12-18,51.0,42.0,60.68,62.83
2020-12-21,52.0,42.0,60.97,63.83
2020-12-22,53.0,42.0,61.17,64.0
2020-12-23,51.5,41.0,60.1,62.0
2020-12-24,50.5,40.5,58.0,59.5
2020-12-25,51.0,40.0,58.0,59.5
2020-12-28,51.0,40.0,58.2,59.7
2020-12-29,50.0,40.0,58.0,59.5
2020-12-30,48.0,39.31,57.31,58.54
2021-01-04,48.5,39.0,56.4,58.0
2021-01-05,50.0,39.5,56.5,59.0
2021-01-06,51.0,40.0,57.4,59.46
2021-01-07,52.0,40.5,57.5,60.0
2021-01-08,52.5,41.0,58.0,61.0
2021-01-11,53.0,41.0,58.0,61.0
2021-01-12,52.0,40.5,57.0,59.0
2021-01-13,51.3,40.5,56.5,58.79
2021-01-14,51.0,40.5,56.8,59.0
2021-01-15,51.0,40.5,57.2,59.5
2021-01-18,49.0,41.0,57.5,59.0
2021-01-19,48.5,41.0,57.5,60.0
2021-01-20,48.0,41.0,57.5,60.0
2021-01-21,47.0,41.0,57.3,59.8
2021-01-22,46.0,41.0,56.5,59.0
2021-01-25,42.0,40.5,55.5,56.5
2021-01-26,42.0,40.5,53.5,56.0
2021-01-27,42.0,40.5,52.75,55.68
2021-01-28,43.5,40.5,53.0,56.0
2021-01-29,45.0,41.0,53.1,56.1
2021-02-01,45.5,41.5,53.17,56.17
2021-02-02,44.5,42.0,53.5,56.5
2021-02-03,44.0,42.0,53.35,56.35
2021-02-04,44.0,42.0,53.25,56.32
2021-02-05,45.0,42.5,53.4,56.5
2021-02-08,46.0,42.5,54.0,57.5
2021-02-09,47.0,43.0,55.0,58.3
2021-02-10,48.0,43.0,55.0,58.5
2021-02-11,48.8,42.5,55.0,58.5
2021-02-12,49.5,42.5,55.0,58.5
2021-02-15,50.5,42.5,55.15,58.65
2021-02-16,52.5,43.0,56.99,59.94
2021-02-17,55.0,43.5,57.55,60.5
2021-02-18,58.0,44.0,59.14,62.0
2021-02-19,60.5,44.3,60.15,63.15
2021-02-22,63.5,44.8,60.85,64.43
2021-02-23,65.5,45.0,62.3,65.95
2021-02-24,66.0,45.5,64.54,67.77
2021-02-25,66.5,46.0,65.0,68.0
2021-03-01,61.5,45.0,65.0,68.0
2021-03-02,59.5,44.5,63.1,66.01
2021-03-03,58.5,44.5,60.0,62.0
2021-03-04,59.0,45.0,60.5,62.8
2021-03-05,59.5,45.0,60.27,63.0
2021-03-08,63.5,46.0,60.48,64.39
2021-03-09,65.0,46.5,61.95,66.0
2021-03-10,66.5,47.0,62.49,66.97
2021-03-11,67.5,47.0,63.18,68.49
2021-03-12,67.5,47.0,63.49,68.0
2021-03-15,64.5,47.5,63.77,67.31
2021-03-16,64.5,48.0,63.66,66.89
2021-03-17,65.0,48.5,63.7,66.84
2021-03-18,65.5,49.0,64.23,66.97
2021-03-19,65.5,49.0,64.13,67.12
2021-03-22,63.5,48.5,63.5,65.47
2021-03-23,64.0,48.5,63.59,65.64
2021-03-24,64.0,48.5,63.47,65.69
2021-03-25,64.0,48.5,62.0,65.0
2021-03-26,63.5,48.5,62.0,65.0
2021-03-29,62.5,48.5,61.0,64.0
2021-03-30,62.5,47.5,61.57,64.12
2021-03-31,62.5,47.5,61.5,64.15
2021-04-01,62.2,47.0,61.0,63.0
2021-04-02,62.2,47.0,61.0,63.18
2021-04-05,60.2,47.5,61.0,63.2
2021-04-06,60.2,47.5,61.19,63.62
2021-04-07,60.2,47.5,61.02,63.75
2021-04-08,60.2,47.5,61.34,63.91
2021-04-09,60.2,47.5,61.31,63.43
2021-04-12,58.2,46.5,60.44,61.82
2021-04-16,57.5,46.5,60.5,62.17
2021-04-19,57.5,46.5,59.8,61.0
2021-04-20,57.5,46.5,59.8,61.19
2021-04-21,57.5,46.5,58.5,61.5
2021-04-22,58.0,47.0,58.5,61.5
2021-04-23,58.3,47.5,58.75,61.85
2021-04-26,59.0,48.0,58.35,62.56
2021-04-27,59.5,48.0,59.25,63.08
2021-04-28,60.0,48.0,59.25,63.57
2021-04-29,61.0,48.0,59.5,63.98
2021-04-30,61.5,48.0,60.13,65.03
2021-05-05,62.5,48.0,60.51,65.9
2021-05-06,63.0,48.5,61.96,66.69
2021-05-07,63.8,49.5,64.28,68.18
2021-05-11,65.5,50.0,65.17,69.11
2021-05-12,65.5,49.5,64.78,68.72
2021-05-13,65.5,49.5,64.85,68.59
2021-05-14,65.5,49.0,65.02,68.84
2021-05-17,63.0,48.5,63.74,67.88
2021-05-18,63.5,47.5,63.74,67.67
2021-05-19,64.0,47.5,64.0,67.86
2021-05-20,64.2,47.0,64.56,67.72
2021-05-21,64.5,47.0,64.35,68.12
2021-05-24,64.8,47.5,64.55,68.71
2021-05-25,65.0,47.5,64.9,69.51
2021-05-27,63.5,47.5,64.84,69.99
2021-05-28,63.5,47.5,65.51,69.45
2021-05-31,59.0,46.5,65.0,67.0
2021-06-01,56.5,46.0,65.0,67.09
2021-06-02,55.0,46.0,64.5,66.5
2021-06-03,53.5,46.0,64.5,66.5
2021-06-04,53.5,46.0,64.5,66.5
2021-06-07,53.5,46.5,64.0,66.0
2021-06-08,53.5,46.5,64.0,66.0
2021-06-09,52.0,46.5,63.65,65.7
2021-06-10,52.0,46.5,63.15,65.2
2021-06-11,52.0,46.5,62.45,64.4
2021-06-14,52.0,46.5,61.0,63.0
2021-06-15,52.5,46.0,61.0,63.0
2021-06-16,52.0,45.5,60.5,62.5
2021-06-17,51.5,44.5,60.2,62.2
2021-06-18,50.5,44.0,59.7,61.7
2021-06-21,49.5,43.5,58.15,60.04
2021-06-22,49.5,43.5,58.15,60.0
2021-06-23,49.5,43.5,57.7,59.7
2021-06-24,49.5,44.0,57.48,59.73
2021-06-25,49.5,44.0,57.63,59.88
2021-06-28,49.5,44.0,57.83,59.95
2021-06-29,49.5,44.0,57.35,59.57
2021-06-30,48.5,43.5,56.5,58.3
2021-07-01,46.5,43.0,55.6,56.72
2021-07-02,44.5,42.5,53.75,54.75
2021-07-05,42.5,43.0,52.35,53.5
2021-07-06,42.5,43.5,52.68,53.76
2021-07-07,42.5,43.5,52.97,54.59
2021-07-08,43.0,43.0,52.53,53.79
2021-07-09,43.5,43.0,51.68,53.01
2021-07-12,43.8,43.0,51.72,52.79
2021-07-13,44.5,43.5,50.83,52.32
2021-07-14,44.7,43.5,50.45,52.09
2021-07-15,44.7,43.5,50.03,51.64
2021-07-16,44.7,43.5,49.77,52.1
2021-07-19,43.5,44.5,50.2,53.51
2021-07-20,42.0,44.5,50.0,52.0
2021-07-21,41.0,44.0,48.38,50.36
2021-07-22,41.0,44.0,49.21,50.69
2021-07-23,41.5,44.0,48.83,50.97
2021-07-27,44.0,45.0,49.1,51.39
2021-07-29,45.5,45.5,49.67,53.19
2021-07-30,45.5,46.0,49.69,53.16
2021-08-02,45.5,46.0,50.0,53.0
2021-08-03,46.0,46.0,50.22,53.02
2021-08-04,46.5,46.0,50.43,53.0
2021-08-05,47.0,46.5,50.31,53.17
2021-08-06,48.0,47.0,50.48,53.72
2021-08-09,49.5,48.0,51.09,54.59
2021-08-10,50.0,48.0,52.42,55.45
2021-08-11,50.5,48.0,52.52,55.55
2021-08-13,50.7,48.0,52.72,55.62
2021-08-16,51.0,48.5,52.92,55.88
2021-08-17,51.3,49.0,52.96,56.3
2021-08-18,51.7,50.0,53.34,56.88
2021-08-19,52.5,50.5,54.02,57.46
2021-08-20,52.7,50.0,54.03,57.79
2021-08-23,52.2,49.5,52.53,56.7
2021-08-24,51.2,49.0,52.62,56.5
2021-08-25,50.8,49.0,52.79,56.44
2021-08-26,50.8,48.5,52.39,56.27
2021-08-27,50.3,48.0,52.37,55.78
2021-08-30,47.8,46.5,51.5,55.1
2021-08-31,48.0,46.5,51.5,55.0
2021-09-01,48.3,46.7,51.68,55.13
2021-09-02,48.5,46.7,51.7,55.13
2021-09-03,48.7,46.7,51.72,55.15
2021-09-06,48.7,47.0,51.5,55.0
2021-09-07,48.3,47.3,51.75,54.0
2021-09-08,47.3,47.0,50.15,52.86
2021-09-09,46.5,46.5,49.55,51.61
2021-09-10,46.5,46.0,49.7,51.85
2021-09-13,47.0,47.0,49.94,52.1
2021-09-14,47.3,47.5,50.13,52.11
2021-09-15,48.5,48.0,50.77,52.57
2021-09-16,48.8,48.0,50.85,52.89
2021-09-17,49.5,48.0,50.15,53.01
2021-09-20,49.5,47.0,50.02,52.92
2021-09-21,48.5,46.5,50.04,51.01
2021-09-22,47.7,45.5,49.07,50.69
2021-09-23,46.7,45.5,49.07,50.48
2021-09-24,46.2,45.5,48.7,50.52
2021-09-27,46.5,45.5,48.58,50.54
2021-09-28,47.0,46.0,48.94,51.5
2021-09-29,48.3,46.5,49.67,52.09
2021-09-30,49.3,47.0,49.33,52.47
2021-10-01,50.5,47.0,50.0,52.71
2021-10-04,50.5,47.0,49.71,52.46
2021-10-05,49.5,47.0,49.55,51.92
2021-10-06,48.8,47.5,49.78,52.19
2021-10-07,48.5,48.0,49.78,52.19
2021-10-08,49.0,48.3,49.59,52.29
2021-10-11,51.0,49.0,52.0,54.3
2021-10-12,52.0,49.5,52.47,55.77
2021-10-14,52.5,49.5,53.0,56.0
2021-10-15,52.7,49.0,53.0,55.2
2021-10-18,51.7,48.5,52.7,55.2
2021-10-19,51.7,48.5,51.0,54.0
2021-10-20,52.5,49.0,51.9,55.89
2021-10-21,53.0,49.5,52.84,56.51
2021-10-22,54.0,49.5,54.45,57.7
2021-10-25,53.5,49.0,53.26,56.27
2021-10-26,53.5,49.0,52.97,56.12
2021-10-27,54.0,49.0,53.13,56.67
2021-10-28,54.2,49.5,54.04,57.16
2021-10-29,54.5,50.0,53.62,57.56
2021-11-01,54.8,49.5,54.24,58.04
2021-11-02,54.8,49.5,53.96,57.5
2021-11-03,54.5,49.5,53.45,57.04
2021-11-04,54.2,49.0,53.69,56.95
2021-11-05,53.5,49.0,53.21,56.58
2021-11-08,52.8,48.5,52.68,55.86
2021-11-09,52.3,48.5,53.19,56.0
2021-11-10,51.8,48.5,53.19,56.0
2021-11-11,52.0,48.5,52.85,55.82
2021-11-12,52.3,48.8,53.13,56.18
2021-11-15,52.5,49.0,53.83,57.0
2021-11-16,53.0,49.5,54.35,57.17
2021-11-17,54.5,50.0,54.35,57.19
2021-11-18,55.5,50.0,54.6,57.33
2021-11-19,55.7,49.5,54.25,57.19
2021-11-22,58.0,49.8,54.78,57.59
2021-11-23,59.5,50.5,55.19,58.72
2021-11-24,60.0,50.5,55.42,60.06
2021-11-25,60.0,50.5,57.51,62.2
2021-11-26,61.0,50.5,58.5,63.09
2021-11-29,60.5,49.5,56.74,61.28
2021-11-30,60.0,49.0,57.26,61.55
2021-12-01,60.0,49.0,57.5,61.55
2021-12-02,59.5,49.0,57.01,60.72
2021-12-03,59.5,49.0,57.01,60.93
2021-12-07,57.5,48.5,56.8,60.66
2021-12-08,54.5,48.5,56.25,58.54
2021-12-09,52.5,48.5,55.51,58.64
2021-12-10,52.5,48.5,55.0,57.59
2021-12-13,52.5,49.0,54.57,57.56
2021-12-14,53.0,49.0,55.35,58.69
2021-12-15,53.2,49.0,55.13,59.04
2021-12-16,53.2,49.0,55.13,59.17
2021-12-17,52.2,48.5,55.45,58.85
2021-12-20,51.2,48.0,55.5,58.64
2021-12-21,51.2,47.5,54.52,56.98
2021-12-22,51.2,47.5,54.0,56.75
2021-12-23,51.5,47.5,54.28,57.02
2021-12-24,50.0,47.0,54.35,57.09
2021-12-27,48.5,46.5,54.35,56.65
2021-12-28,48.0,46.0,53.76,56.03
2021-12-29,48.0,46.5,53.86,56.53
2021-12-30,48.0,46.5,53.74,56.79
2022-01-03,48.0,46.5,53.88,56.13
2022-01-04,49.0,46.5,53.88,57.15
2022-01-05,51.5,47.0,53.64,57.56
2022-01-06,52.8,47.5,54.4,58.2
2022-01-07,53.0,47.5,54.64,57.82
2022-01-10,51.0,48.5,54.77,57.81
2022-01-11,51.0,49.0,55.01,57.89
2022-01-12,52.0,49.3,54.82,58.13
2022-01-13,54.5,49.5,55.24,48.49
2022-01-14,56.5,49.5,55.81,59.39
2022-01-17,54.5,49.2,56.05,60.02
2022-01-18,53.0,48.8,55.96,58.93
2022-01-19,53.0,49.0,55.47,57.85
2022-01-20,53.8,49.8,55.86,58.67
2022-01-21,56.0,49.7,56.05,59.11
2022-01-24,54.5,49.0,55.19,58.33
2022-01-25,53.0,48.6,54.85,57.47
2022-01-26,53.0,48.6,54.95,57.39
2022-01-27,53.5,49.5,55.34,57.69
2022-01-28,54.5,49.5,55.29,58.16
2022-01-31,56.0,49.6,55.16,58.16
2022-02-01,56.7,49.8,55.55,58.85
2022-02-02,56.7,49.5,55.82,59.15
2022-02-03,57.0,49.0,56.26,59.58
2022-02-04,57.2,49.5,56.38,59.79
2022-02-07,58.5,49.5,56.33,59.95
2022-02-08,59.5,49.7,57.46,61.0
2022-02-09,60.3,50.0,57.87,62.29
2022-02-10,61.3,50.4,59.14,63.06
2022-02-11,62.0,51.0,59.46,63.69
2022-02-14,64.0,50.9,60.06,63.77
2022-02-15,65.0,51.3,60.74,64.63
2022-02-17,65.5,51.6,60.59,63.92
2022-02-18,66.0,51.8,61.13,64.22
2022-02-21,67.5,52.3,61.8,65.0
2022-02-22,68.5,51.8,62.32,66.6
2022-02-23,69.0,52.0,63.29,66.6
2022-02-24,69.5,51.5,63.21,66.9
2022-02-25,70.0,52.3,65.01,67.73
2022-02-28,70.5,53.3,65.59,68.37
2022-03-01,71.0,52.8,64.99,68.97
2022-03-02,71.2,52.3,64.96,68.26
2022-03-03,71.0,52.3,65.18,68.67
2022-03-04,70.5,52.0,65.75,69.05
2022-03-07,69.5,51.8,65.35,67.76
2022-03-08,68.8,51.8,64.52,68.46
2022-03-09,68.3,51.1,63.69,66.8
2022-03-10,68.5,51.6,64.2,67.36
2022-03-11,68.0,51.3,63.75,67.64
2022-03-14,66.5,50.6,63.52,67.25
2022-03-15,66.0,50.3,63.63,67.39
2022-03-16,65.5,50.0,63.69,67.64
2022-03-17,65.5,49.8,62.89,67.07
2022-03-18,64.5,49.8,62.24,67.11
2022-03-21,64.7,50.6,63.11,67.52
2022-03-22,65.0,50.8,62.85,67.81
2022-03-23,65.5,50.8,63.44,68.19
2022-03-24,66.0,50.8,63.88,68.67
2022-03-25,66.3,51.1,64.25,68.88
2022-03-28,66.7,51.1,64.6,69.68
2022-03-29,67.0,51.1,64.64,70.07
2022-03-30,67.2,50.6,65.26,70.39
2022-03-31,67.2,51.1,65.81,71.09
2022-04-01,67.5,51.1,66.05,71.93
2022-04-04,67.8,51.1,67.15,72.95
2022-04-05,68.5,51.6,68.09,74.17
2022-04-07,68.7,51.35,68.09,75.5
2022-04-08,68.9,50.65,69.95,75.85
2022-04-11,68.9,50.9,70.0,75.35
2022-04-12,68.0,50.75,70.28,73.56
2022-04-18,64.0,50.75,69.66,72.07
2022-04-19,63.0,50.75,68.16,72.34
2022-04-20,63.0,50.75,68.36,72.32
2022-04-21,63.0,50.5,66.89,71.42
2022-04-22,63.2,50.5,66.94,70.49
2022-04-25,63.5,50.0,66.63,69.39
2022-04-26,62.8,48.5,65.58,68.24
2022-04-27,62.2,48.7,64.62,66.58
2022-04-28,62.2,48.5,63.89,65.26
2022-04-29,62.8,48.5,63.56,65.27
2022-05-03,63.3,48.8,64.0,66.11
2022-05-05,64.0,49.0,63.7,66.9
2022-05-06,64.8,48.8,64.36,67.77
2022-05-09,65.0,48.5,64.38,68.19
2022-05-10,65.5,48.0,62.4,68.4
2022-05-11,66.0,48.2,63.75,68.11
2022-05-12,66.5,48.2,63.75,67.99
2022-05-17,67.0,48.2,63.56,67.83
2022-05-18,67.2,48.7,63.98,68.42
2022-05-19,66.5,48.5,63.84,68.93
2022-05-20,66.5,48.5,63.59,68.8
2022-05-23,67.0,48.5,64.37,69.11
2022-05-24,67.2,48.5,63.88,69.2
2022-05-25,67.2,48.5,64.68,69.56
2022-05-26,66.7,48.5,65.06,69.49
2022-05-27,66.2,48.5,64.96,69.55
2022-05-30,66.5,48.6,65.36,69.63
2022-05-31,66.8,48.8,65.58,69.97
2022-06-01,67.0,49.2,65.87,70.35
2022-06-02,67.3,49.3,65.87,70.5
2022-06-06,67.3,49.4,65.34,70.81
2022-06-07,67.3,49.4,65.69,71.0
2022-06-08,67.3,49.3,65.91,70.41
2022-06-09,66.5,49.3,66.81,70.25
2022-06-10,66.0,49.5,67.38,70.74
2022-06-13,61.5,49.5,66.39,69.88
2022-06-14,60.5,49.2,65.65,68.18
2022-06-15,59.0,49.0,64.42,66.31
2022-06-16,58.0,49.0,64.65,65.99
2022-06-17,57.5,49.0,63.83,66.13
2022-06-20,56.8,49.0,64.24,65.93
2022-06-21,55.5,49.0,63.82,65.19
2022-06-22,54.6,48.8,63.03,64.44
2022-06-23,54.6,48.5,63.08,63.89
2022-06-24,54.6,48.6,62.99,63.53
2022-06-27,54.6,48.6,62.66,63.55
2022-06-28,53.8,48.7,62.67,62.69
2022-06-29,52.8,48.7,61.83,62.0
2022-06-30,52.8,48.8,61.35,62.02
2022-07-01,52.8,48.7,60.72,62.08
2022-07-04,52.8,48.7,60.38,62.05
2022-07-05,52.8,48.8,59.4,62.09
2022-07-06,52.8,48.7,58.93,62.09
2022-07-07,52.8,48.4,57.93,61.16
2022-07-08,52.8,48.4,58.11,61.13
2022-07-11,52.8,48.4,58.38,61.01
2022-07-12,53.0,48.4,58.33,59.98
2022-07-15,53.0,48.0,58.77,60.33
2022-07-18,53.0,48.0,57.37,59.0
2022-07-19,52.3,48.1,57.33,59.02
2022-07-20,52.5,48.3,56.83,58.11
2022-07-21,52.5,48.3,56.8,58.18
2022-07-22,52.5,48.2,56.8,58.11
2022-07-25,52.8,48.2,55.85,57.02
2022-07-26,53.0,48.3,55.85,57.21
2022-07-27,53.2,48.3,55.88,57.28
2022-07-29,53.2,48.3,55.92,57.35
2022-08-01,53.2,48.4,54.62,57.28
2022-08-02,52.7,48.2,54.2,56.29
2022-08-03,51.7,48.0,53.94,55.95
2022-08-04,51.7,47.9,54.53,56.02
2022-08-05,51.7,47.9,54.56,56.02
2022-08-08,51.7,47.8,54.02,55.67
2022-08-09,51.0,49.9,54.01,54.38
2022-08-10,50.5,47.9,53.0,54.05
2022-08-11,49.5,47.6,52.06,53.25
2022-08-15,47.0,47.4,50.0,51.0
2022-08-16,47.0,47.1,48.5,49.5
2022-08-17,47.0,46.9,48.5,50.14
2022-08-18,47.3,46.8,48.78,50.59
2022-08-19,47.5,46.8,48.95,50.81
2022-08-22,47.5,46.4,48.94,50.22
2022-08-23,47.5,46.4,48.89,50.42
2022-08-24,47.8,46.5,48.8,50.49
2022-08-25,47.8,46.3,48.55,50.5
2022-08-26,47.8,45.9,48.46,50.4
2022-08-29,48.0,45.5,48.18,50.0
2022-08-30,48.2,45.3,48.35,50.13
2022-08-31,47.3,44.3,48.06,50.01
2022-09-01,46.5,43.6,47.51,49.55
2022-09-02,45.5,42.7,47.02,48.0
2022-09-05,45.5,42.2,46.06,47.03
2022-09-06,45.5,42.0,45.52,47.07
2022-09-07,45.5,40.9,45.5,47.07
2022-09-08,45.5,40.7,45.08,47.0
2022-09-09,45.5,40.7,45.33,47.14
2022-09-12,45.5,40.7,44.9,47.28
2022-09-13,45.5,40.8,45.27,47.15
2022-09-14,45.5,41.2,45.71,47.5
2022-09-15,45.5,41.1,45.98,47.89
2022-09-16,45.5,41.7,46.1,48.49
2022-09-19,45.5,41.5,46.11,48.57
2022-09-20,45.5,41.3,45.8,48.42
2022-09-21,45.5,41.4,46.16,48.2
2022-09-22,45.5,41.2,45.9,48.12
2022-09-23,45.5,41.2,45.78,48.58
2022-09-26,45.5,41.1,45.64,48.5
2022-09-27,45.5,41.1,45.66,48.09
2022-09-28,45.7,41.8,46.04,48.78
2022-09-29,45.7,42.0,46.16,48.69
2022-09-30,45.7,42.0,46.51,49.19
2022-10-03,45.7,42.3,46.69,49.44
2022-10-04,45.9,42.3,46.93,49.9
2022-10-05,45.9,42.6,47.19,50.41
2022-10-06,46.1,42.8,47.88,50.85
2022-10-07,46.4,43.2,48.67,51.52
2022-10-10,46.5,43.5,49.22,52.36
2022-10-11,46.6,43.5,50.17,52.93
2022-10-12,46.6,43.3,49.79,52.5
2022-10-14,46.7,43.0,49.77,50.62
2022-10-17,46.8,43.0,49.25,50.93
2022-10-18,46.9,43.3,48.77,51.4
2022-10-19,47.0,43.1,48.81,52.7
2022-10-20,47.0,43.0,49.01,53.41
2022-10-21,47.0,42.5,49.1,52.5
2022-10-25,47.1,41.35,48.58,51.0
2022-10-26,47.3,41.05,48.72,50.12
2022-10-27,47.3,41.0,48.2,49.82
2022-10-28,47.3,41.0,47.69,49.76
2022-10-31,47.0,40.75,47.03,49.47
